不勃起时也能插入做爱|data/不勃起时也能插入做爱|0|0|1346749071|1346749071|23
控制射精 入门要领很重要|data/控制射精 入门要领很重要|0|0|1346749071|1346749071|23
插入她阴道的次数与频率多少才能征服她到高潮|data/插入她阴道的次数与频率多少才能征服她到高潮|0|0|1346749071|1346749071|23
插入妻子子宫的方法|data/插入妻子子宫的方法|0|0|1346749071|1346749071|23
阴道插入基本方法|data/阴道插入基本方法|0|0|1346749071|1346749071|23
阴道插入经典法则|data/阴道插入经典法则|0|0|1346749071|1346749071|23
如何掌握阴茎插入的最佳时机?|data/如何掌握阴茎插入的最佳时机?|0|0|1347444456|1347444456|23
