10种食物让女性“春心荡漾”|data/10种食物让女性“春心荡漾”|0|0|1346749072|1346749072|14
“水果伟哥”枸杞被西方人大力追捧|data/“水果伟哥”枸杞被西方人大力追捧|0|0|1346749072|1346749072|14
两性保健食谱（木瓜、荔枝、莲子）|data/两性保健食谱（木瓜、荔枝、莲子）|0|0|1346749072|1346749072|14
做爱后吃点什么好?|data/做爱后吃点什么好?|0|0|1346749072|1346749072|14
几种对男人性欲有提高作用的肉类|data/几种对男人性欲有提高作用的肉类|0|0|1346749072|1346749072|14
助性食物和败性食物大PK|data/助性食物和败性食物大PK|0|0|1346749072|1346749072|14
可增精子产量的水果|data/可增精子产量的水果|0|0|1346749072|1346749072|14
吃对水果可以提升性能力|data/吃对水果可以提升性能力|0|0|1346749072|1346749072|14
吃得太油腻不利于男性勃起|data/吃得太油腻不利于男性勃起|0|0|1346749072|1346749072|14
合理饮食浇灌"性"福之花|data/合理饮食浇灌"性"福之花|0|0|1346749072|1346749072|14
哪些食物让你没有了性欲?|data/哪些食物让你没有了性欲?|0|0|1346749072|1346749072|14
喝酒不如喝咖啡助性来的健康|data/喝酒不如喝咖啡助性来的健康|0|0|1346749072|1346749072|14
多吃姜可治性功能障碍|data/多吃姜可治性功能障碍|0|0|1346749072|1346749072|14
多吃茭白等寒性食品会败性|data/多吃茭白等寒性食品会败性|0|0|1346749072|1346749072|14
夫妻间最爱的七大助性食物|data/夫妻间最爱的七大助性食物|0|0|1346749072|1346749072|14
女人有性趣的食物|data/女人有性趣的食物|0|0|1346749072|1346749072|14
女性性生活后喝果汁有利健康|data/女性性生活后喝果汁有利健康|0|0|1346749072|1346749072|14
巧克力是比接吻还激情的绝招|data/巧克力是比接吻还激情的绝招|0|0|1346749072|1346749072|14
性爱前饮食需提前一小时|data/性爱前饮食需提前一小时|0|0|1346749072|1346749072|14
性爱后吃鸡蛋能让体力恢复更快|data/性爱后吃鸡蛋能让体力恢复更快|0|0|1346749072|1346749072|14
房事后口渴喝点什么益健康?|data/房事后口渴喝点什么益健康?|0|0|1346749072|1346749072|14
房事过度如何进行饮食调养?|data/房事过度如何进行饮食调养?|0|0|1346749072|1346749072|14
提高男性性能量的食物|data/提高男性性能量的食物|0|0|1346749072|1346749072|14
最廉价的“水果伟哥”|data/最廉价的“水果伟哥”|0|0|1346749072|1346749072|14
烧烤成了“不举”的“主凶”|data/烧烤成了“不举”的“主凶”|0|0|1346749072|1346749072|14
牛蒡海带汤有助于提高性爱质量|data/牛蒡海带汤有助于提高性爱质量|0|0|1346749072|1346749072|14
甘草好但是不能使用过量|data/甘草好但是不能使用过量|0|0|1346749072|1346749072|14
男性夏天提升性能力8种饮品|data/男性夏天提升性能力8种饮品|0|0|1346749072|1346749072|14
让乳房更丰满的食物|data/让乳房更丰满的食物|0|0|1346749072|1346749072|14
让你欲望high到爆的食物|data/让你欲望high到爆的食物|0|0|1346749072|1346749072|14
让男人“性起”的合理饮食|data/让男人“性起”的合理饮食|0|0|1346749072|1346749072|14
调理月经：羊肉滋补汤|data/调理月经：羊肉滋补汤|0|0|1346749072|1346749072|14
这样吃火锅-女人滋阴 男人壮阳|data/这样吃火锅-女人滋阴 男人壮阳|0|0|1346749072|1346749072|14
适当饮红茶可提高性兴奋|data/适当饮红茶可提高性兴奋|0|0|1346749072|1346749072|14
食物对性功能的利或害|data/食物对性功能的利或害|0|0|1346749072|1346749072|14
鲜虾比壮阳药更壮阳|data/鲜虾比壮阳药更壮阳|0|0|1346749072|1346749072|14
黄瓜等有助于激发女性的性欲|data/黄瓜等有助于激发女性的性欲|0|0|1346749072|1346749072|14
