七个步骤有效自治早泄|data/七个步骤有效自治早泄|0|0|1346749072|1346749072|15
丈夫阳萎了，妻子怎么办？|data/丈夫阳萎了，妻子怎么办？|0|0|1346749072|1346749072|15
不射精症与无精症的区别|data/不射精症与无精症的区别|0|0|1346749072|1346749072|15
专家解析青少年出现早泄的原因|data/专家解析青少年出现早泄的原因|0|0|1346749072|1346749072|15
五大绝招激起男人的“欲火”|data/五大绝招激起男人的“欲火”|0|0|1346749072|1346749072|15
什么习惯让男人容易阳痿？|data/什么习惯让男人容易阳痿？|0|0|1346749072|1346749072|15
什么是性欲亢进?|data/什么是性欲亢进?|0|0|1346749072|1346749072|15
关于包皮包茎8个经典问题|data/关于包皮包茎8个经典问题|0|0|1346749072|1346749072|15
关于包皮包茎的一些误区|data/关于包皮包茎的一些误区|0|0|1346749072|1346749072|15
几个技巧解决早泄|data/几个技巧解决早泄|0|0|1346749072|1346749072|15
功能性不射精原因有三|data/功能性不射精原因有三|0|0|1346749072|1346749072|15
包皮包茎的危害有哪些？|data/包皮包茎的危害有哪些？|0|0|1346749072|1346749072|15
包皮手术后多久可以同房？|data/包皮手术后多久可以同房？|0|0|1346749072|1346749072|15
包皮手术的一些问题|data/包皮手术的一些问题|0|0|1346749072|1346749072|15
包皮过长与包茎是什么，如何区分?|data/包皮过长与包茎是什么，如何区分?|0|0|1346749072|1346749072|15
包皮过长如何使用避孕套？|data/包皮过长如何使用避孕套？|0|0|1346749072|1346749072|15
包皮过长手术术前术后注意事项|data/包皮过长手术术前术后注意事项|0|0|1346749072|1346749072|15
女性的哪些行为可能导致男人阳萎？|data/女性的哪些行为可能导致男人阳萎？|0|0|1346749072|1346749072|15
如何判断是否患上性冷淡?|data/如何判断是否患上性冷淡?|0|0|1346749072|1346749072|15
如何正确区分早泄和肾虚？|data/如何正确区分早泄和肾虚？|0|0|1346749072|1346749072|15
导致早泄的三大主要因素|data/导致早泄的三大主要因素|0|0|1346749072|1346749072|15
导致阳痿早泄有哪些心理原因|data/导致阳痿早泄有哪些心理原因|0|0|1346749072|1346749072|15
导致阳痿的原因有哪些？|data/导致阳痿的原因有哪些？|0|0|1346749072|1346749072|15
射精障碍有哪些?|data/射精障碍有哪些?|0|0|1346749072|1346749072|15
应对早泄分清病情等级再治疗|data/应对早泄分清病情等级再治疗|0|0|1346749072|1346749072|15
应对男性性冷淡需要身心并治|data/应对男性性冷淡需要身心并治|0|0|1346749072|1346749072|15
引起男人阳痿的几个因素|data/引起男人阳痿的几个因素|0|0|1346749072|1346749072|15
引起精神性早泄的8个原因|data/引起精神性早泄的8个原因|0|0|1346749072|1346749072|15
怎样才要做包皮包茎手术？|data/怎样才要做包皮包茎手术？|0|0|1346749072|1346749072|15
性欲低下？试试三个秘方|data/性欲低下？试试三个秘方|0|0|1346749072|1346749072|15
性欲减退后的自省|data/性欲减退后的自省|0|0|1346749072|1346749072|15
拒绝早泄 这些“担心”没必要|data/拒绝早泄 这些“担心”没必要|0|0|1346749072|1346749072|15
教你正确判断有无早泄|data/教你正确判断有无早泄|0|0|1346749072|1346749072|15
教你认识性冷淡|data/教你认识性冷淡|0|0|1346749072|1346749072|15
早泄 你越想避免越容易发生|data/早泄 你越想避免越容易发生|0|0|1346749072|1346749072|15
早泄患者该吃哪些食物？|data/早泄患者该吃哪些食物？|0|0|1346749072|1346749072|15
早泄有哪些类型？|data/早泄有哪些类型？|0|0|1346749072|1346749072|15
早泄治疗应远离这三种错误|data/早泄治疗应远离这三种错误|0|0|1346749072|1346749072|15
早泄认知的五个误区|data/早泄认知的五个误区|0|0|1346749072|1346749072|15
根据勃起程度自我判断阳痿|data/根据勃起程度自我判断阳痿|0|0|1346749072|1346749072|15
治疗“三结合” 轻松脱离阳痿|data/治疗“三结合” 轻松脱离阳痿|0|0|1346749072|1346749072|15
治疗包皮包茎大概花多少钱？|data/治疗包皮包茎大概花多少钱？|0|0|1346749072|1346749072|15
治疗性欲亢进分五步走|data/治疗性欲亢进分五步走|0|0|1346749072|1346749072|15
淡定！走出阳痿认知误区|data/淡定！走出阳痿认知误区|0|0|1346749072|1346749072|15
男人为何迟迟不射精?|data/男人为何迟迟不射精?|0|0|1346749072|1346749072|15
男人偶尔“不坚”并不是真阳痿|data/男人偶尔“不坚”并不是真阳痿|0|0|1346749072|1346749072|15
男人忍精不射会酿“苦果”|data/男人忍精不射会酿“苦果”|0|0|1346749072|1346749072|15
男人服用“伟哥”先搞清5件事|data/男人服用“伟哥”先搞清5件事|0|0|1346749072|1346749072|15
男人的6个难言之疾|data/男人的6个难言之疾|0|0|1346749072|1346749072|15
男性割包皮后该注意什么？|data/男性割包皮后该注意什么？|0|0|1346749072|1346749072|15
男性如何应对过度遗精?|data/男性如何应对过度遗精?|0|0|1346749072|1346749072|15
男性防早泄锻炼秘法详解|data/男性防早泄锻炼秘法详解|0|0|1346749072|1346749072|15
男性阳痿和早泄的不同定义及症状|data/男性阳痿和早泄的不同定义及症状|0|0|1346749072|1346749072|15
看男科病前最好补充点知识|data/看男科病前最好补充点知识|0|0|1346749072|1346749072|15
让你告别早泄的十三招|data/让你告别早泄的十三招|0|0|1346749072|1346749072|15
让男人不再阳痿的技巧|data/让男人不再阳痿的技巧|0|0|1346749072|1346749072|15
让男人性冷淡的四个原因|data/让男人性冷淡的四个原因|0|0|1346749072|1346749072|15
适合许多人用的预防早泻的方法|data/适合许多人用的预防早泻的方法|0|0|1346749072|1346749072|15
阳痿就是肾虚造成的吗？|data/阳痿就是肾虚造成的吗？|0|0|1346749072|1346749072|15
阳痿早泄男人必须知道的几个问题|data/阳痿早泄男人必须知道的几个问题|0|0|1346749072|1346749072|15
阳痿的症状有哪些？|data/阳痿的症状有哪些？|0|0|1346749072|1346749072|15
预防阳痿离不开良好的睡眠|data/预防阳痿离不开良好的睡眠|0|0|1346749072|1346749072|15
