19种让女人颤抖的口交姿势|data/19种让女人颤抖的口交姿势|0|0|1346749071|1346749071|24
MM怎样使他的阴茎坚硬无比?|data/MM怎样使他的阴茎坚硬无比?|0|0|1346749071|1346749071|24
丈夫怎么喜欢肛交?|data/丈夫怎么喜欢肛交?|0|0|1346749071|1346749071|24
乳交-让你魂断痴迷的做爱方法|data/乳交-让你魂断痴迷的做爱方法|0|0|1346749071|1346749071|24
乳交基本方法|data/乳交基本方法|0|0|1346749071|1346749071|24
出色口交俘虏芳心|data/出色口交俘虏芳心|0|0|1346749071|1346749071|24
口交的五秘诀-女士必看|data/口交的五秘诀-女士必看|0|0|1346749071|1346749071|24
品桃吹萧要有技巧|data/品桃吹萧要有技巧|0|0|1346749071|1346749071|24
唇手齐用 给他热血贲涨的刺激|data/唇手齐用 给他热血贲涨的刺激|0|0|1346749071|1346749071|24
女人必备的口交技巧|data/女人必备的口交技巧|0|0|1346749071|1346749071|24
女性口交的三个层次|data/女性口交的三个层次|0|0|1346749071|1346749071|24
烙印于心的极限性快感|data/烙印于心的极限性快感|0|0|1346749071|1346749071|24
男人如何为她口交的性技巧指引?|data/男人如何为她口交的性技巧指引?|0|0|1346749071|1346749071|24
白领说自己给男人的口交的经历与技巧|data/白领说自己给男人的口交的经历与技巧|0|0|1346749071|1346749071|24
肛交有什么好处和坏处 如何进行肛交?|data/肛交有什么好处和坏处 如何进行肛交?|0|0|1346749071|1346749071|24
舔女性阴部的详细步骤技巧|data/舔女性阴部的详细步骤技巧|0|0|1346749071|1346749071|24
让女友乐意为自己口交的秘诀技巧|data/让女友乐意为自己口交的秘诀技巧|0|0|1346749071|1346749071|24
让女友都喜欢的肛交技巧|data/让女友都喜欢的肛交技巧|0|0|1346749071|1346749071|24
