7种浪漫的吻技|data/7种浪漫的吻技|0|0|1346749071|1346749071|19
Kiss另类篇|data/Kiss另类篇|0|0|1346749071|1346749071|19
三种最佳口型的接吻解析|data/三种最佳口型的接吻解析|0|0|1346749071|1346749071|19
中国女性最反感的四种接吻方式|data/中国女性最反感的四种接吻方式|0|0|1346749071|1346749071|19
亲吻恋人吻落何处最高明?|data/亲吻恋人吻落何处最高明?|0|0|1346749071|1346749071|19
亲吻留痕挑地方|data/亲吻留痕挑地方|0|0|1346749071|1346749071|19
做爱前奏 浪漫亲吻训练班|data/做爱前奏 浪漫亲吻训练班|0|0|1346749071|1346749071|19
初吻必读|data/初吻必读|0|0|1346749071|1346749071|19
吻颈技巧|data/吻颈技巧|0|0|1346749071|1346749071|19
女孩初吻必读：睁眼接吻是最大禁忌|data/女孩初吻必读：睁眼接吻是最大禁忌|0|0|1346749071|1346749071|19
怎样接吻才是最享受的?|data/怎样接吻才是最享受的?|0|0|1346749071|1346749071|19
性爱前戏的完美接吻需要这样的技巧|data/性爱前戏的完美接吻需要这样的技巧|0|0|1346749071|1346749071|19
接吻-不同部位不同的感觉|data/接吻-不同部位不同的感觉|0|0|1346749071|1346749071|19
接吻必须注意的的五个问题|data/接吻必须注意的的五个问题|0|0|1346749071|1346749071|19
接吻的三个层次|data/接吻的三个层次|0|0|1346749071|1346749071|19
接吻的科学|data/接吻的科学|0|0|1346749071|1346749071|19
接吻第一课-基本步骤|data/接吻第一课-基本步骤|0|0|1346749071|1346749071|19
接吻第一课-注意事项|data/接吻第一课-注意事项|0|0|1346749071|1346749071|19
浑身触电的绝妙“吻技”|data/浑身触电的绝妙“吻技”|0|0|1346749071|1346749071|19
真空式接吻的方法|data/真空式接吻的方法|0|0|1346749071|1346749071|19
让你一吻定情的方法|data/让你一吻定情的方法|0|0|1346749071|1346749071|19
让女人失望到极点的接吻技巧|data/让女人失望到极点的接吻技巧|0|0|1346749071|1346749071|19
让男人很激动的10个女性接吻技巧|data/让男人很激动的10个女性接吻技巧|0|0|1346749071|1346749071|19
适合女人学的8种销魂的接吻花样|data/适合女人学的8种销魂的接吻花样|0|0|1346749071|1346749071|19
