两种有害的性交行为|data/两种有害的性交行为|0|0|1346749074|1346749074|7
中国男性性误区排行榜TOP10|data/中国男性性误区排行榜TOP10|0|0|1346749074|1346749074|7
五处地雷不容踩进|data/五处地雷不容踩进|0|0|1346749074|1346749074|7
保险套绝对安全吗?|data/保险套绝对安全吗?|0|0|1346749074|1346749074|7
做爱时过分“压迫”女性胸部|data/做爱时过分“压迫”女性胸部|0|0|1346749074|1346749074|7
偷情过度刺激容易造成猝死的危险|data/偷情过度刺激容易造成猝死的危险|0|0|1346749074|1346749074|7
六种常见男女性误区或致恶果|data/六种常见男女性误区或致恶果|0|0|1346749074|1346749074|7
关于避孕的11个误区|data/关于避孕的11个误区|0|0|1346749074|1346749074|7
哪些性观念是被混淆的?|data/哪些性观念是被混淆的?|0|0|1346749074|1346749074|7
夫妻生活后倒头就睡反而会更累?|data/夫妻生活后倒头就睡反而会更累?|0|0|1346749074|1346749074|7
夫妻生活时间越长越好吗?|data/夫妻生活时间越长越好吗?|0|0|1346749074|1346749074|7
夸张色情片中的性误导|data/夸张色情片中的性误导|0|0|1346749074|1346749074|7
女人常犯的5个“性误区”|data/女人常犯的5个“性误区”|0|0|1346749074|1346749074|7
女人常见的性观念误区|data/女人常见的性观念误区|0|0|1346749074|1346749074|7
女人要知道的四大性误区|data/女人要知道的四大性误区|0|0|1346749074|1346749074|7
性爱后千万不能做的4件事|data/性爱后千万不能做的4件事|0|0|1346749074|1346749074|7
性爱后大汗淋漓是肾虚表现吗?|data/性爱后大汗淋漓是肾虚表现吗?|0|0|1346749074|1346749074|7
性生活中有13个不要|data/性生活中有13个不要|0|0|1346749074|1346749074|7
性生活无高潮小心性误区|data/性生活无高潮小心性误区|0|0|1346749074|1346749074|7
性用具的四大使用误区|data/性用具的四大使用误区|0|0|1346749074|1346749074|7
性误区：我用夫妻生活减肥|data/性误区：我用夫妻生活减肥|0|0|1346749074|1346749074|7
手淫无罪，但频繁有害|data/手淫无罪，但频繁有害|0|0|1346749074|1346749074|7
水中过夫妻生活小心|data/水中过夫妻生活小心|0|0|1346749074|1346749074|7
洞房预习课：处理好男女性生理的差异|data/洞房预习课：处理好男女性生理的差异|0|0|1346749074|1346749074|7
洞房预习课：女性应正确认识男性的性行为|data/洞房预习课：女性应正确认识男性的性行为|0|0|1346749074|1346749074|7
洞房预习课：走出对性冷淡认识的误区|data/洞房预习课：走出对性冷淡认识的误区|0|0|1346749074|1346749074|7
洞房预习课：走出对手淫的看法的误区|data/洞房预习课：走出对手淫的看法的误区|0|0|1346749074|1346749074|7
洞房预习课：走出对遗精、月经认识上的误区|data/洞房预习课：走出对遗精、月经认识上的误区|0|0|1346749074|1346749074|7
洞房预习课：走出性生活认识上的误区|data/洞房预习课：走出性生活认识上的误区|0|0|1346749074|1346749074|7
洞房预习课：走出性观念的误区|data/洞房预习课：走出性观念的误区|0|0|1346749074|1346749074|7
男人二次高潮易损害性功能吗?|data/男人二次高潮易损害性功能吗?|0|0|1346749074|1346749074|7
男人射精就等于性高潮吗?|data/男人射精就等于性高潮吗?|0|0|1346749074|1346749074|7
男人有7大性误区 女人必须了解|data/男人有7大性误区 女人必须了解|0|0|1346749074|1346749074|7
经期同房可导致不孕|data/经期同房可导致不孕|0|0|1346749074|1346749074|7
经期行房会有何后果?|data/经期行房会有何后果?|0|0|1346749074|1346749074|7
解密10大性误区(男人比女人更渴望性吗)|data/解密10大性误区(男人比女人更渴望性吗)|0|0|1346749074|1346749074|7
这些性误区你知道多少?|data/这些性误区你知道多少?|0|0|1346749074|1346749074|7
这六大好事你最好别做|data/这六大好事你最好别做|0|0|1346749074|1346749074|7
这样性交易患病|data/这样性交易患病|0|0|1346749074|1346749074|7
远离10种性爱误区!|data/远离10种性爱误区!|0|0|1346749074|1346749074|7
远离成人电影里的性爱误区|data/远离成人电影里的性爱误区|0|0|1346749074|1346749074|7
野外性爱有哪些性误区?|data/野外性爱有哪些性误区?|0|0|1346749074|1346749074|7
长期服用伟哥会严重伤精|data/长期服用伟哥会严重伤精|0|0|1346749074|1346749074|7
非常危险的性前戏盘点|data/非常危险的性前戏盘点|0|0|1346749074|1346749074|7
骑自行车会影响性功能吗?|data/骑自行车会影响性功能吗?|0|0|1346749074|1346749074|7
