6个简单又好用的性爱提升性技巧|data/6个简单又好用的性爱提升性技巧|0|0|1346749072|1346749072|17
6绝招让你的女人性福|data/6绝招让你的女人性福|0|0|1346749072|1346749072|17
7种野战场地需要注意的事项|data/7种野战场地需要注意的事项|0|0|1346749072|1346749072|17
“九浅一深”性交运动新变化|data/“九浅一深”性交运动新变化|0|0|1346749072|1346749072|17
一时性起，野炮初体验|data/一时性起，野炮初体验|0|0|1346749072|1346749072|17
不可思议八大性爱“野战”地点|data/不可思议八大性爱“野战”地点|0|0|1346749072|1346749072|17
两性兵法：最甜蜜的7种嘿咻类型|data/两性兵法：最甜蜜的7种嘿咻类型|0|0|1346749072|1346749072|17
九性爱秘诀让你越来越性福|data/九性爱秘诀让你越来越性福|0|0|1346749072|1346749072|17
伟哥使用说明|data/伟哥使用说明|0|0|1346749072|1346749072|17
值得学习的性爱12奇招|data/值得学习的性爱12奇招|0|0|1346749072|1346749072|17
全天7个时段的完美性爱方案|data/全天7个时段的完美性爱方案|0|0|1346749072|1346749072|17
关于四种基本的性交形式|data/关于四种基本的性交形式|0|0|1346749072|1346749072|17
哪些情况下不宜性交?|data/哪些情况下不宜性交?|0|0|1346749072|1346749072|17
在车内做爱的技巧(以宝马为例)|data/在车内做爱的技巧(以宝马为例)|0|0|1346749072|1346749072|17
增加性爱情趣的十招|data/增加性爱情趣的十招|0|0|1346749072|1346749072|17
夫妻情侣野战技巧以及要注意的问题|data/夫妻情侣野战技巧以及要注意的问题|0|0|1346749072|1346749072|17
女人们让男人臣服的性技巧|data/女人们让男人臣服的性技巧|0|0|1346749072|1346749072|17
女人如何回应男人的抚慰?|data/女人如何回应男人的抚慰?|0|0|1346749072|1346749072|17
女人最爱的性爱房事技巧男人需懂|data/女人最爱的性爱房事技巧男人需懂|0|0|1346749072|1346749072|17
女人都受不了的高潮技巧|data/女人都受不了的高潮技巧|0|0|1346749072|1346749072|17
女性最爱的4大交欢场所|data/女性最爱的4大交欢场所|0|0|1346749072|1346749072|17
巧用镜子令性爱更狂野|data/巧用镜子令性爱更狂野|0|0|1346749072|1346749072|17
床上聊什么最“助性”：多夸赞少牢骚|data/床上聊什么最“助性”：多夸赞少牢骚|0|0|1346749072|1346749072|17
弄清女性生理周期再做爱|data/弄清女性生理周期再做爱|0|0|1346749072|1346749072|17
性爱中的禁忌|data/性爱中的禁忌|0|0|1346749072|1346749072|17
性爱也要有点“留白”|data/性爱也要有点“留白”|0|0|1346749072|1346749072|17
性爱技巧的关键在于变化|data/性爱技巧的关键在于变化|0|0|1346749072|1346749072|17
性爱时，该听什么音乐?|data/性爱时，该听什么音乐?|0|0|1346749072|1346749072|17
性爱的另类玩法之--SM性技巧|data/性爱的另类玩法之--SM性技巧|0|0|1346749072|1346749072|17
性爱的标准动作与步骤|data/性爱的标准动作与步骤|0|0|1346749072|1346749072|17
性爱缺一不可的三个阶段|data/性爱缺一不可的三个阶段|0|0|1346749072|1346749072|17
情侣外出旅游如何玩野战?|data/情侣外出旅游如何玩野战?|0|0|1346749072|1346749072|17
房中做爱地点排行TOP5|data/房中做爱地点排行TOP5|0|0|1346749072|1346749072|17
打造你的独特性爱风格|data/打造你的独特性爱风格|0|0|1346749072|1346749072|17
水中做爱，你尝试过吗?|data/水中做爱，你尝试过吗?|0|0|1346749072|1346749072|17
牙膏可以让性爱更加持久|data/牙膏可以让性爱更加持久|0|0|1346749072|1346749072|17
男人喜欢的捆绑性游戏以及扮演角色的性技巧|data/男人喜欢的捆绑性游戏以及扮演角色的性技巧|0|0|1346749072|1346749072|17
男人性爱的七个要诀|data/男人性爱的七个要诀|0|0|1346749072|1346749072|17
男女亲密时的标准步骤|data/男女亲密时的标准步骤|0|0|1346749072|1346749072|17
男女各种拥抱方式|data/男女各种拥抱方式|0|0|1346749072|1346749072|17
男快女慢怎样做到性同步|data/男快女慢怎样做到性同步|0|0|1346749072|1346749072|17
穿高跟鞋做爱的四种方式|data/穿高跟鞋做爱的四种方式|0|0|1346749072|1346749072|17
练练夫妻性爱的基本功|data/练练夫妻性爱的基本功|0|0|1346749072|1346749072|17
蝴蝶式的G点性刺激|data/蝴蝶式的G点性刺激|0|0|1346749072|1346749072|17
让任何女人都受不了的性技巧|data/让任何女人都受不了的性技巧|0|0|1346749072|1346749072|17
让女人尽性的4大花招|data/让女人尽性的4大花招|0|0|1346749072|1346749072|17
让女人快速高潮的基本方式|data/让女人快速高潮的基本方式|0|0|1346749072|1346749072|17
车震玩得过瘾的爱爱技巧|data/车震玩得过瘾的爱爱技巧|0|0|1346749072|1346749072|17
