13个鲜为人知的性爱秘事|data/13个鲜为人知的性爱秘事|0|0|1346749073|1346749073|6
26个Tips让婚姻性感起来|data/26个Tips让婚姻性感起来|0|0|1346749073|1346749073|6
A片中该学和不该学的镜头|data/A片中该学和不该学的镜头|0|0|1346749073|1346749073|6
“婚睡”对恢复精力很重要|data/“婚睡”对恢复精力很重要|0|0|1346749073|1346749073|6
“爱爱”中的12个要注意的事|data/“爱爱”中的12个要注意的事|0|0|1346749073|1346749073|6
专家建议：做爱时间顺其自然好|data/专家建议：做爱时间顺其自然好|0|0|1346749073|1346749073|6
专家：女性前戏至少要15分钟|data/专家：女性前戏至少要15分钟|0|0|1346749073|1346749073|6
五个最佳床下性爱场所|data/五个最佳床下性爱场所|0|0|1346749073|1346749073|6
人体性敏感点可随年龄发生变化|data/人体性敏感点可随年龄发生变化|0|0|1346749073|1346749073|6
做爱前请先关手机|data/做爱前请先关手机|0|0|1346749073|1346749073|6
六个日常习惯可增强性能力|data/六个日常习惯可增强性能力|0|0|1346749073|1346749073|6
告诉她 让她喜欢做|data/告诉她 让她喜欢做|0|0|1346749073|1346749073|6
困惑！前戏不是越久越好？|data/困惑！前戏不是越久越好？|0|0|1346749073|1346749073|6
夫妻性生活和谐基本的知识|data/夫妻性生活和谐基本的知识|0|0|1346749073|1346749073|6
夫妻性生活过度易引起疾病|data/夫妻性生活过度易引起疾病|0|0|1346749073|1346749073|6
女人对男人性爱行动大投诉|data/女人对男人性爱行动大投诉|0|0|1346749073|1346749073|6
女人的性爱有十诫|data/女人的性爱有十诫|0|0|1346749073|1346749073|6
女人看了痛快男人看了必学乖|data/女人看了痛快男人看了必学乖|0|0|1346749073|1346749073|6
女性如何巧妙拒绝他的性要求?|data/女性如何巧妙拒绝他的性要求?|0|0|1346749073|1346749073|6
女性性生活后喝果汁有利健康|data/女性性生活后喝果汁有利健康|0|0|1346749073|1346749073|6
如何缓解男人性心理压力?|data/如何缓解男人性心理压力?|0|0|1346749073|1346749073|6
妻子孕期男人怎么办?|data/妻子孕期男人怎么办?|0|0|1346749073|1346749073|6
怎样的A片才能让女生兴致盎然|data/怎样的A片才能让女生兴致盎然|0|0|1346749073|1346749073|6
怎样的性生活让夫妻更健康?|data/怎样的性生活让夫妻更健康?|0|0|1346749073|1346749073|6
性交后喝冷饮会会致命吗?|data/性交后喝冷饮会会致命吗?|0|0|1346749073|1346749073|6
性欲丧失的七个信号！|data/性欲丧失的七个信号！|0|0|1346749073|1346749073|6
性爱中女性应该多动动|data/性爱中女性应该多动动|0|0|1346749073|1346749073|6
性爱中的“七损八益”|data/性爱中的“七损八益”|0|0|1346749073|1346749073|6
性爱后隔多久排尿最及时?|data/性爱后隔多久排尿最及时?|0|0|1346749073|1346749073|6
性爱时男性最没礼貌的几种表现|data/性爱时男性最没礼貌的几种表现|0|0|1346749073|1346749073|6
性生活与失眠的紧密关系|data/性生活与失眠的紧密关系|0|0|1346749073|1346749073|6
性生活后喝点什么好?|data/性生活后喝点什么好?|0|0|1346749073|1346749073|6
性生活过后应暂缓驾车|data/性生活过后应暂缓驾车|0|0|1346749073|1346749073|6
性生活过度有哪些感觉?|data/性生活过度有哪些感觉?|0|0|1346749073|1346749073|6
性生活需躲开的黑色时间|data/性生活需躲开的黑色时间|0|0|1346749073|1346749073|6
性高潮后你忘了些什么?|data/性高潮后你忘了些什么?|0|0|1346749073|1346749073|6
房事前后洗澡有讲究|data/房事前后洗澡有讲究|0|0|1346749073|1346749073|6
按摩可以增强男人性能力|data/按摩可以增强男人性能力|0|0|1346749073|1346749073|6
早晨做爱后为何休息半小时?|data/早晨做爱后为何休息半小时?|0|0|1346749073|1346749073|6
流产多久能正常性生活?|data/流产多久能正常性生活?|0|0|1346749073|1346749073|6
用错安全套可成“性无能”|data/用错安全套可成“性无能”|0|0|1346749073|1346749073|6
男女切记七个时间不宜行房事|data/男女切记七个时间不宜行房事|0|0|1346749073|1346749073|6
男女间有哪些助性食品?|data/男女间有哪些助性食品?|0|0|1346749073|1346749073|6
男性多吃苹果可保护性功能|data/男性多吃苹果可保护性功能|0|0|1346749073|1346749073|6
男性第一次性生活中的常见尴尬|data/男性第一次性生活中的常见尴尬|0|0|1346749073|1346749073|6
自慰虽好但不可纵欲|data/自慰虽好但不可纵欲|0|0|1346749073|1346749073|6
身体疲乏不宜过性生活|data/身体疲乏不宜过性生活|0|0|1346749073|1346749073|6
过刺激的性生活必须注意的几个问题|data/过刺激的性生活必须注意的几个问题|0|0|1346749073|1346749073|6
还没性爱就累了为什么?|data/还没性爱就累了为什么?|0|0|1346749073|1346749073|6
这7招提高性生活质量|data/这7招提高性生活质量|0|0|1346749073|1346749073|6
骑车健身警惕扫“性”|data/骑车健身警惕扫“性”|0|0|1346749073|1346749073|6
