10秒钟从女人的外表看她性欲强弱|data/10秒钟从女人的外表看她性欲强弱|0|0|1346749074|1346749074|5
30岁后女人更加贪恋性|data/30岁后女人更加贪恋性|0|0|1346749074|1346749074|5
4大理由证明：女屌丝比男人还好色|data/4大理由证明：女屌丝比男人还好色|0|0|1346749074|1346749074|5
4种睡姿暴露男人的“性满意度”|data/4种睡姿暴露男人的“性满意度”|0|0|1346749074|1346749074|5
4类人妻最易遭到老公性报复|data/4类人妻最易遭到老公性报复|0|0|1346749074|1346749074|5
5种暧昧 辨别老公是不是真不忠|data/5种暧昧 辨别老公是不是真不忠|0|0|1346749074|1346749074|5
9成会伪装 揭秘女人在床上的8个数据|data/9成会伪装 揭秘女人在床上的8个数据|0|0|1346749074|1346749074|5
MM用真实经历告诉男人该如何让女人高潮|data/MM用真实经历告诉男人该如何让女人高潮|0|0|1346749074|1346749074|5
一成不变or直奔主题 揭秘女人床上的7不满|data/一成不变or直奔主题 揭秘女人床上的7不满|0|0|1346749074|1346749074|5
丈夫希望妻子知道的性秘密|data/丈夫希望妻子知道的性秘密|0|0|1346749074|1346749074|5
两性揭秘：爱爱后男人为何倒头就睡?|data/两性揭秘：爱爱后男人为何倒头就睡?|0|0|1346749074|1346749074|5
两性新知：女人45岁 出轨概率最高|data/两性新知：女人45岁 出轨概率最高|0|0|1346749074|1346749074|5
为什么男人喜欢偷看女人的内裤？|data/为什么男人喜欢偷看女人的内裤？|0|0|1346749074|1346749074|5
亲热前女人最讨厌的事|data/亲热前女人最讨厌的事|0|0|1346749074|1346749074|5
什么样的性爱方式女人无法接受?|data/什么样的性爱方式女人无法接受?|0|0|1346749074|1346749074|5
什么样的身材最让男人酥软?|data/什么样的身材最让男人酥软?|0|0|1346749074|1346749074|5
从内裤看女人的“性需求”|data/从内裤看女人的“性需求”|0|0|1346749074|1346749074|5
伤不起 男人上床就变心的3大原因|data/伤不起 男人上床就变心的3大原因|0|0|1346749074|1346749074|5
关于房事 男人最幼稚的4个想法|data/关于房事 男人最幼稚的4个想法|0|0|1346749074|1346749074|5
别错过 女人要你吻她的10个信号|data/别错过 女人要你吻她的10个信号|0|0|1346749074|1346749074|5
发脾气or小动作 中国女人特有的性暗示|data/发脾气or小动作 中国女人特有的性暗示|0|0|1346749074|1346749074|5
听女人讲述性爱初夜的感觉|data/听女人讲述性爱初夜的感觉|0|0|1346749074|1346749074|5
嘿咻时 女人要11分钟后才有状态|data/嘿咻时 女人要11分钟后才有状态|0|0|1346749074|1346749074|5
大胸妹妹：男人为何只爱看你 不想娶你?|data/大胸妹妹：男人为何只爱看你 不想娶你?|0|0|1346749074|1346749074|5
女人10种“味道” 引男人竞折腰|data/女人10种“味道” 引男人竞折腰|0|0|1346749074|1346749074|5
女人4种声音 让男人酥软欲罢不能|data/女人4种声音 让男人酥软欲罢不能|0|0|1346749074|1346749074|5
女人不想嘿咻的10个奇怪想法|data/女人不想嘿咻的10个奇怪想法|0|0|1346749074|1346749074|5
女人也爱看A片的6大理由|data/女人也爱看A片的6大理由|0|0|1346749074|1346749074|5
女人何时欲望最强：每月两大高峰期|data/女人何时欲望最强：每月两大高峰期|0|0|1346749074|1346749074|5
女人千万别相信婚前男人的这些话|data/女人千万别相信婚前男人的这些话|0|0|1346749074|1346749074|5
女人哪里渴望得到男人的亲吻?|data/女人哪里渴望得到男人的亲吻?|0|0|1346749074|1346749074|5
女人嘿咻后的7个特殊表现|data/女人嘿咻后的7个特殊表现|0|0|1346749074|1346749074|5
女人在5种情况下不想做爱|data/女人在5种情况下不想做爱|0|0|1346749074|1346749074|5
女人在床上的3句话 最易让男人误解|data/女人在床上的3句话 最易让男人误解|0|0|1346749074|1346749074|5
女人在性爱中的焦虑|data/女人在性爱中的焦虑|0|0|1346749074|1346749074|5
女人对房事的3大不满：前戏太短 亲密不足|data/女人对房事的3大不满：前戏太短 亲密不足|0|0|1346749074|1346749074|5
女人对男人几个关键部位的看法|data/女人对男人几个关键部位的看法|0|0|1346749074|1346749074|5
女人床上的那些喜好的性爱事|data/女人床上的那些喜好的性爱事|0|0|1346749074|1346749074|5
女人必知：男人在床上对你有7大期待|data/女人必知：男人在床上对你有7大期待|0|0|1346749074|1346749074|5
女人必知：男人是怎样来看待出轨?|data/女人必知：男人是怎样来看待出轨?|0|0|1346749074|1346749074|5
女人必知：眼泪会浇灭男人的性趣|data/女人必知：眼泪会浇灭男人的性趣|0|0|1346749074|1346749074|5
女人性爱常见8担忧|data/女人性爱常见8担忧|0|0|1346749074|1346749074|5
女人无法忘记的几次性爱|data/女人无法忘记的几次性爱|0|0|1346749074|1346749074|5
女人最令男人兴奋的10个小动作|data/女人最令男人兴奋的10个小动作|0|0|1346749074|1346749074|5
女人最反感的4种接吻习惯|data/女人最反感的4种接吻习惯|0|0|1346749074|1346749074|5
女人最反感的Kiss类型|data/女人最反感的Kiss类型|0|0|1346749074|1346749074|5
女人最讨厌的5种爱爱场景|data/女人最讨厌的5种爱爱场景|0|0|1346749074|1346749074|5
女人每天想10次性 男人翻倍|data/女人每天想10次性 男人翻倍|0|0|1346749074|1346749074|5
女人渴望缠绵时的9个身体暗示|data/女人渴望缠绵时的9个身体暗示|0|0|1346749074|1346749074|5
女人爱不爱动粗 电影告诉你的6个性秘密|data/女人爱不爱动粗 电影告诉你的6个性秘密|0|0|1346749074|1346749074|5
女人看A片吸引她们的究竟是什么?|data/女人看A片吸引她们的究竟是什么?|0|0|1346749074|1346749074|5
女人脱光后的7大“性委屈”|data/女人脱光后的7大“性委屈”|0|0|1346749074|1346749074|5
女人说这五句话 男人打死都别信|data/女人说这五句话 男人打死都别信|0|0|1346749074|1346749074|5
女人身体很想“要”的5种情况|data/女人身体很想“要”的5种情况|0|0|1346749074|1346749074|5
女人都喜欢床上猛男吗?|data/女人都喜欢床上猛男吗?|0|0|1346749074|1346749074|5
女性特有的“性爱焦虑”|data/女性特有的“性爱焦虑”|0|0|1346749074|1346749074|5
如何认识男性“生理疲劳”?|data/如何认识男性“生理疲劳”?|0|0|1346749074|1346749074|5
床上女人最说不出口的3大渴望|data/床上女人最说不出口的3大渴望|0|0|1346749074|1346749074|5
床上装疯卖傻 女人10特点能给男人性福|data/床上装疯卖傻 女人10特点能给男人性福|0|0|1346749074|1346749074|5
当冷战遇到房事 女人要自尊还是要快感?|data/当冷战遇到房事 女人要自尊还是要快感?|0|0|1346749074|1346749074|5
性事中的尴尬七成女性会记恨|data/性事中的尴尬七成女性会记恨|0|0|1346749074|1346749074|5
性爱中女人最不能忍受的事情|data/性爱中女人最不能忍受的事情|0|0|1346749074|1346749074|5
性爱中女子动作大解析|data/性爱中女子动作大解析|0|0|1346749074|1346749074|5
性爱数字 晚上10点女人欲望最浓|data/性爱数字 晚上10点女人欲望最浓|0|0|1346749074|1346749074|5
性福有时差 女人必知男人性时间|data/性福有时差 女人必知男人性时间|0|0|1346749074|1346749074|5
揭开女人内心最深处的性爱秘密|data/揭开女人内心最深处的性爱秘密|0|0|1346749074|1346749074|5
摸透女人的性秘密|data/摸透女人的性秘密|0|0|1346749074|1346749074|5
教你几招 判断老婆到底要or不要|data/教你几招 判断老婆到底要or不要|0|0|1346749074|1346749074|5
新任男友都会做的5个小动作|data/新任男友都会做的5个小动作|0|0|1346749074|1346749074|5
新婚之夜女人到底在胡思乱想什么?|data/新婚之夜女人到底在胡思乱想什么?|0|0|1346749074|1346749074|5
最新调查显示：男33岁女28岁最“性福”|data/最新调查显示：男33岁女28岁最“性福”|0|0|1346749074|1346749074|5
最易解开裤腰带的5种女人|data/最易解开裤腰带的5种女人|0|0|1346749074|1346749074|5
气质美女的10种性感表情|data/气质美女的10种性感表情|0|0|1346749074|1346749074|5
沧桑的男人更受青睐|data/沧桑的男人更受青睐|0|0|1346749074|1346749074|5
注意5细节 帮你在床上挑选优质男人|data/注意5细节 帮你在床上挑选优质男人|0|0|1346749074|1346749074|5
注意6细节 看你是不是他的“性快餐”|data/注意6细节 看你是不是他的“性快餐”|0|0|1346749074|1346749074|5
渴望被勾引 男人出轨的4种猥琐心理|data/渴望被勾引 男人出轨的4种猥琐心理|0|0|1346749074|1346749074|5
满足女人需要更多铺垫|data/满足女人需要更多铺垫|0|0|1346749074|1346749074|5
熟女心声：最美妙的4种房事体验|data/熟女心声：最美妙的4种房事体验|0|0|1346749074|1346749074|5
熟女智慧结晶：处男鉴定术7个步骤|data/熟女智慧结晶：处男鉴定术7个步骤|0|0|1346749074|1346749074|5
爱情与身体 哪个更能抓住男人心?|data/爱情与身体 哪个更能抓住男人心?|0|0|1346749074|1346749074|5
爽歪歪 女人被男人“滋润”的9种感觉|data/爽歪歪 女人被男人“滋润”的9种感觉|0|0|1346749074|1346749074|5
男人为何爱对小姨子下手?|data/男人为何爱对小姨子下手?|0|0|1346749074|1346749074|5
男人到底有多在乎女人的贞操呢?|data/男人到底有多在乎女人的贞操呢?|0|0|1346749074|1346749074|5
男人口述他们喜欢的前戏|data/男人口述他们喜欢的前戏|0|0|1346749074|1346749074|5
男人只想“做”不想爱的3个原因|data/男人只想“做”不想爱的3个原因|0|0|1346749074|1346749074|5
男人喜欢摸女人胸的5个理由|data/男人喜欢摸女人胸的5个理由|0|0|1346749074|1346749074|5
男人嘿咻时的9大爆笑想法|data/男人嘿咻时的9大爆笑想法|0|0|1346749074|1346749074|5
男人在床上对女人的期待|data/男人在床上对女人的期待|0|0|1346749074|1346749074|5
男人在性爱时的十大怪念头|data/男人在性爱时的十大怪念头|0|0|1346749074|1346749074|5
男人女人说他们的热吻体验|data/男人女人说他们的热吻体验|0|0|1346749074|1346749074|5
男人婚后都有的3大“性期待”|data/男人婚后都有的3大“性期待”|0|0|1346749074|1346749074|5
男人心底的性秘密|data/男人心底的性秘密|0|0|1346749074|1346749074|5
男人必知：女人的6件性爱心事|data/男人必知：女人的6件性爱心事|0|0|1346749074|1346749074|5
男人性爱问题的十个答案|data/男人性爱问题的十个答案|0|0|1346749074|1346749074|5
男人总会对大胸着迷 往往娶的确是小胸|data/男人总会对大胸着迷 往往娶的确是小胸|0|0|1346749074|1346749074|5
男人房事后昏睡并非冷漠|data/男人房事后昏睡并非冷漠|0|0|1346749074|1346749074|5
男人最在意女人的3种操守|data/男人最在意女人的3种操守|0|0|1346749074|1346749074|5
男人最想要的8种前戏|data/男人最想要的8种前戏|0|0|1346749074|1346749074|5
男人最无法忍受女人的哪十种行为|data/男人最无法忍受女人的哪十种行为|0|0|1346749074|1346749074|5
男人最爱女人的6种曲线|data/男人最爱女人的6种曲线|0|0|1346749074|1346749074|5
男人的5个性暗示 女人必须懂|data/男人的5个性暗示 女人必须懂|0|0|1346749074|1346749074|5
男人的五大性恐惧|data/男人的五大性恐惧|0|0|1346749074|1346749074|5
男人看法：女人身上最诱人的8个部位|data/男人看法：女人身上最诱人的8个部位|0|0|1346749074|1346749074|5
男人都喜欢的12件事：乳房拥抱贞操|data/男人都喜欢的12件事：乳房拥抱贞操|0|0|1346749074|1346749074|5
男人都有些美腿情结|data/男人都有些美腿情结|0|0|1346749074|1346749074|5
男性最爱的女人类型大盘点|data/男性最爱的女人类型大盘点|0|0|1346749074|1346749074|5
白领女性都喜欢有限度的性骚扰|data/白领女性都喜欢有限度的性骚扰|0|0|1346749074|1346749074|5
盘点10类好老婆：男人喜欢重视性爱的女人|data/盘点10类好老婆：男人喜欢重视性爱的女人|0|0|1346749074|1346749074|5
看看她们是如何描述性高潮的|data/看看她们是如何描述性高潮的|0|0|1346749074|1346749074|5
羞涩or慢热 床上女人特有的5种性焦虑|data/羞涩or慢热 床上女人特有的5种性焦虑|0|0|1346749074|1346749074|5
老婆偷腥的11个心酸理由|data/老婆偷腥的11个心酸理由|0|0|1346749074|1346749074|5
职场女性要提防：6种男上司是色狼|data/职场女性要提防：6种男上司是色狼|0|0|1346749074|1346749074|5
色眼识男人 7分钟迅速看懂男人心|data/色眼识男人 7分钟迅速看懂男人心|0|0|1346749074|1346749074|5
调查称49%男性对苍井空有性幻想|data/调查称49%男性对苍井空有性幻想|0|0|1346749074|1346749074|5
这样的“春宵一刻”让女人最着迷|data/这样的“春宵一刻”让女人最着迷|0|0|1346749074|1346749074|5
送花最能打动女人|data/送花最能打动女人|0|0|1346749074|1346749074|5
高达七成女性喜欢听到男人叫床?|data/高达七成女性喜欢听到男人叫床?|0|0|1346749074|1346749074|5
