“小弟弟”越大越好？够硬就行！|data/“小弟弟”越大越好？够硬就行！|0|0|1346749073|1346749073|8
一个让阴茎更强大的训练教程|data/一个让阴茎更强大的训练教程|0|0|1346749073|1346749073|8
六大指标全面衡量你是否够爷们|data/六大指标全面衡量你是否够爷们|0|0|1346749073|1346749073|8
关于男性生理的一些常识|data/关于男性生理的一些常识|0|0|1346749073|1346749073|8
十指连性：手指长度与性能力直接相关|data/十指连性：手指长度与性能力直接相关|0|0|1346749073|1346749073|8
夜间勃起反应男人真实性能力|data/夜间勃起反应男人真实性能力|0|0|1346749073|1346749073|8
女人最喜欢的阴茎尺寸大小|data/女人最喜欢的阴茎尺寸大小|0|0|1346749073|1346749073|8
如何科学测量阴茎长度?|data/如何科学测量阴茎长度?|0|0|1346749073|1346749073|8
小便射得远代表性能力强？|data/小便射得远代表性能力强？|0|0|1346749073|1346749073|8
尿和精液会不会同时排出来？|data/尿和精液会不会同时排出来？|0|0|1346749073|1346749073|8
必学：男人养精十招|data/必学：男人养精十招|0|0|1346749073|1346749073|8
揭秘男性正常的性生理数据|data/揭秘男性正常的性生理数据|0|0|1346749073|1346749073|8
男人“私处”的十五个小秘密|data/男人“私处”的十五个小秘密|0|0|1346749073|1346749073|8
男人一天中的四次性高潮|data/男人一天中的四次性高潮|0|0|1346749073|1346749073|8
男人一次射精射掉了多少精力?|data/男人一次射精射掉了多少精力?|0|0|1346749073|1346749073|8
男人一生的性欲曲线流程|data/男人一生的性欲曲线流程|0|0|1346749073|1346749073|8
男人一生精液有多少?|data/男人一生精液有多少?|0|0|1346749073|1346749073|8
男人体味是从什么秘处发出的?|data/男人体味是从什么秘处发出的?|0|0|1346749073|1346749073|8
男人多长时间遗精一次才算正常?|data/男人多长时间遗精一次才算正常?|0|0|1346749073|1346749073|8
男人正常的精液是什么样子?|data/男人正常的精液是什么样子?|0|0|1346749073|1346749073|8
男人真的会精尽而亡吗?|data/男人真的会精尽而亡吗?|0|0|1346749073|1346749073|8
男人精液你了解多少?|data/男人精液你了解多少?|0|0|1346749073|1346749073|8
男人裆部为何特别脆弱?|data/男人裆部为何特别脆弱?|0|0|1346749073|1346749073|8
男子从何时开始性衰老?|data/男子从何时开始性衰老?|0|0|1346749073|1346749073|8
男性也有生理周期|data/男性也有生理周期|0|0|1346749073|1346749073|8
男性的外生殖器官解析|data/男性的外生殖器官解析|0|0|1346749073|1346749073|8
男性阴囊生理解析|data/男性阴囊生理解析|0|0|1346749073|1346749073|8
男性阴茎必知的五大生理点|data/男性阴茎必知的五大生理点|0|0|1346749073|1346749073|8
男生殖系统各部分功能|data/男生殖系统各部分功能|0|0|1346749073|1346749073|8
睾丸产生精子的过程|data/睾丸产生精子的过程|0|0|1346749073|1346749073|8
睾丸小会影响生育能力吗?|data/睾丸小会影响生育能力吗?|0|0|1346749073|1346749073|8
精囊腺的主要作用|data/精囊腺的主要作用|0|0|1346749073|1346749073|8
精子的结构和功能|data/精子的结构和功能|0|0|1346749073|1346749073|8
谈谈你不知道的射精知识|data/谈谈你不知道的射精知识|0|0|1346749073|1346749073|8
适合才是最好：两性性器官的最佳匹配|data/适合才是最好：两性性器官的最佳匹配|0|0|1346749073|1346749073|8
阴茎为何早晨易勃起？|data/阴茎为何早晨易勃起？|0|0|1346749073|1346749073|8
阴茎勃起之“谜”|data/阴茎勃起之“谜”|0|0|1346749073|1346749073|8
阴茎勃起程度的自我判断|data/阴茎勃起程度的自我判断|0|0|1346749073|1346749073|8
阴茎短小对女性性快感有影响吗?|data/阴茎短小对女性性快感有影响吗?|0|0|1346749073|1346749073|8
阴茎衰老有三大表现要知道|data/阴茎衰老有三大表现要知道|0|0|1346749073|1346749073|8
阴茎长短与硬软|data/阴茎长短与硬软|0|0|1346749073|1346749073|8
附睾是男性生育的“掌舵者”|data/附睾是男性生育的“掌舵者”|0|0|1346749073|1346749073|8
附睾管的长度与生理功能|data/附睾管的长度与生理功能|0|0|1346749073|1346749073|8
附睾长什么样，长在哪里?|data/附睾长什么样，长在哪里?|0|0|1346749073|1346749073|8
男人阴茎完美长度是多少才最好?|data/男人阴茎完美长度是多少才最好?|0|0|1347445717|1347445717|8
