36个另类前戏小技巧|data/36个另类前戏小技巧|0|0|1346749071|1346749071|21
4个时刻前戏可以省掉前奏|data/4个时刻前戏可以省掉前奏|0|0|1346749071|1346749071|21
6招成就完美前戏|data/6招成就完美前戏|0|0|1346749071|1346749071|21
做爱前戏三问答|data/做爱前戏三问答|0|0|1346749071|1346749071|21
判断前戏效果的四窍门|data/判断前戏效果的四窍门|0|0|1346749071|1346749071|21
前戏时你的手应该放哪里?|data/前戏时你的手应该放哪里?|0|0|1346749071|1346749071|21
前戏是什么?|data/前戏是什么?|0|0|1346749071|1346749071|21
前戏是女性过性生活和谐的关键|data/前戏是女性过性生活和谐的关键|0|0|1346749071|1346749071|21
女人渴望被抚摸的神秘部位|data/女人渴望被抚摸的神秘部位|0|0|1346749071|1346749071|21
怎样帮伴侣擦润滑油?|data/怎样帮伴侣擦润滑油?|0|0|1346749071|1346749071|21
性生活中性爱抚的部位和手法|data/性生活中性爱抚的部位和手法|0|0|1346749071|1346749071|21
最好的前戏 教男人为伴侣按摩|data/最好的前戏 教男人为伴侣按摩|0|0|1346749071|1346749071|21
最完美的爱抚方式|data/最完美的爱抚方式|0|0|1346749071|1346749071|21
正确爱抚女性乳房的几个步骤|data/正确爱抚女性乳房的几个步骤|0|0|1346749071|1346749071|21
精油按摩法让情欲暴增|data/精油按摩法让情欲暴增|0|0|1346749071|1346749071|21
耳朵也是女人的敏感区|data/耳朵也是女人的敏感区|0|0|1346749071|1346749071|21
让她欲罢不能欲死欲仙的几分钟的性爱前戏|data/让她欲罢不能欲死欲仙的几分钟的性爱前戏|0|0|1346749071|1346749071|21
迂回前进才是“长久”之计|data/迂回前进才是“长久”之计|0|0|1346749071|1346749071|21
