24条不可思议的床上秘闻|data/24条不可思议的床上秘闻|0|0|1346749075|1346749075|4
3个女人中就有一个性冷淡|data/3个女人中就有一个性冷淡|0|0|1346749075|1346749075|4
3理由 床上骚女比处女更受男人宠|data/3理由 床上骚女比处女更受男人宠|0|0|1346749075|1346749075|4
5个问题看你是不是性爱高手|data/5个问题看你是不是性爱高手|0|0|1346749075|1346749075|4
5种性体验：你一辈子总该试一次|data/5种性体验：你一辈子总该试一次|0|0|1346749075|1346749075|4
5种情况 判断你有没有纵欲过度|data/5种情况 判断你有没有纵欲过度|0|0|1346749075|1346749075|4
6件尴尬事 会秒杀你们的热情|data/6件尴尬事 会秒杀你们的热情|0|0|1346749075|1346749075|4
6大特征 教你识别地铁色狼|data/6大特征 教你识别地铁色狼|0|0|1346749075|1346749075|4
7招 巧妙拒绝男上司的“夜之邀”|data/7招 巧妙拒绝男上司的“夜之邀”|0|0|1346749075|1346749075|4
“快感来了”就是要大胆的喊出来|data/“快感来了”就是要大胆的喊出来|0|0|1346749075|1346749075|4
“高潮”背后令人惊讶的10个事实|data/“高潮”背后令人惊讶的10个事实|0|0|1346749075|1346749075|4
一个小女人的ML日记|data/一个小女人的ML日记|0|0|1346749075|1346749075|4
上班族“性福”指数为何越来越低？|data/上班族“性福”指数为何越来越低？|0|0|1346749075|1346749075|4
不同年龄阶段男女的性生活特点|data/不同年龄阶段男女的性生活特点|0|0|1346749075|1346749075|4
不同时段爱爱感受差很大：晚上嘿咻最佳|data/不同时段爱爱感受差很大：晚上嘿咻最佳|0|0|1346749075|1346749075|4
不同血型的不同性爱情节|data/不同血型的不同性爱情节|0|0|1346749075|1346749075|4
与爱爱有关的趣味数字|data/与爱爱有关的趣味数字|0|0|1346749075|1346749075|4
专家解析男女性能力之间的差异|data/专家解析男女性能力之间的差异|0|0|1346749075|1346749075|4
专家解读：8大“性梦”背后的真实想法|data/专家解读：8大“性梦”背后的真实想法|0|0|1346749075|1346749075|4
中国男人的三个性爱烦躁期|data/中国男人的三个性爱烦躁期|0|0|1346749075|1346749075|4
为什么性生活过后的女人会更漂亮？|data/为什么性生活过后的女人会更漂亮？|0|0|1346749075|1346749075|4
为什么要爱爱 细数最热门的4个两性问题|data/为什么要爱爱 细数最热门的4个两性问题|0|0|1346749075|1346749075|4
亚性福现象普遍 七成网友称不性福|data/亚性福现象普遍 七成网友称不性福|0|0|1346749075|1346749075|4
亲爱的：性欲将随时间流逝|data/亲爱的：性欲将随时间流逝|0|0|1346749075|1346749075|4
你会为爱人在床上做可爱的骗子吗？|data/你会为爱人在床上做可爱的骗子吗？|0|0|1346749075|1346749075|4
你的“性形象”够完美吗？|data/你的“性形象”够完美吗？|0|0|1346749075|1346749075|4
你的五官透露着你的性能量|data/你的五官透露着你的性能量|0|0|1346749075|1346749075|4
你需要了解的32个性知识|data/你需要了解的32个性知识|0|0|1346749075|1346749075|4
做爱一年耗热=慢跑90公里|data/做爱一年耗热=慢跑90公里|0|0|1346749075|1346749075|4
做爱尴尬时刻大搜集 你经历过吗？|data/做爱尴尬时刻大搜集 你经历过吗？|0|0|1346749075|1346749075|4
做爱的10大好处和1个坏处|data/做爱的10大好处和1个坏处|0|0|1346749075|1346749075|4
六成青年喜欢以车代床性爱|data/六成青年喜欢以车代床性爱|0|0|1346749075|1346749075|4
关于下身的十个为什么|data/关于下身的十个为什么|0|0|1346749075|1346749075|4
关于性高潮的几个真相|data/关于性高潮的几个真相|0|0|1346749075|1346749075|4
关于身体高潮 你所不知的5个秘密|data/关于身体高潮 你所不知的5个秘密|0|0|1346749075|1346749075|4
分手后继续爱爱合适吗？|data/分手后继续爱爱合适吗？|0|0|1346749075|1346749075|4
判断性生活是否过度的三个标准|data/判断性生活是否过度的三个标准|0|0|1346749075|1346749075|4
别让爱爱成为你们唯一的消遣|data/别让爱爱成为你们唯一的消遣|0|0|1346749075|1346749075|4
别谈论床技 闺蜜间禁止做的4件事|data/别谈论床技 闺蜜间禁止做的4件事|0|0|1346749075|1346749075|4
十大城市多样性情男人排行|data/十大城市多样性情男人排行|0|0|1346749075|1346749075|4
双性恋横行 有多少人在同性身上找安慰？|data/双性恋横行 有多少人在同性身上找安慰？|0|0|1346749075|1346749075|4
嘿咻时男女最流行的昵称|data/嘿咻时男女最流行的昵称|0|0|1346749075|1346749075|4
四大标准，判断夫妻性生活是否合拍|data/四大标准，判断夫妻性生活是否合拍|0|0|1346749075|1346749075|4
在床上你们都爱聊什么？|data/在床上你们都爱聊什么？|0|0|1346749075|1346749075|4
处女与非处女之间最大的差异|data/处女与非处女之间最大的差异|0|0|1346749075|1346749075|4
女人为什么在做爱时呻吟？|data/女人为什么在做爱时呻吟？|0|0|1346749075|1346749075|4
女人必知：6招自测你的“性敏感度”|data/女人必知：6招自测你的“性敏感度”|0|0|1346749075|1346749075|4
女人必知：如何拒绝男友的“非分要求”？|data/女人必知：如何拒绝男友的“非分要求”？|0|0|1346749075|1346749075|4
女人爱爱说“我想要”的4个版本|data/女人爱爱说“我想要”的4个版本|0|0|1346749075|1346749075|4
如何自测你的性欲？|data/如何自测你的性欲？|0|0|1346749075|1346749075|4
婚前试性族 床上性福能否靠试？|data/婚前试性族 床上性福能否靠试？|0|0|1346749075|1346749075|4
婚检检查些什么？|data/婚检检查些什么？|0|0|1346749075|1346749075|4
孩子提出的13个尴尬性问题|data/孩子提出的13个尴尬性问题|0|0|1346749075|1346749075|4
容易沦为男人性玩具的9种女人|data/容易沦为男人性玩具的9种女人|0|0|1346749075|1346749075|4
小心增加男人“性负担”的4件事|data/小心增加男人“性负担”的4件事|0|0|1346749075|1346749075|4
屌丝女战胜白富美的6大武器|data/屌丝女战胜白富美的6大武器|0|0|1346749075|1346749075|4
广东5.2%青年曾与性工作者发生性关系|data/广东5.2%青年曾与性工作者发生性关系|0|0|1346749075|1346749075|4
床上“性口难开”女人8句悄悄话|data/床上“性口难开”女人8句悄悄话|0|0|1346749075|1346749075|4
床上情人千种，你爱哪一种？|data/床上情人千种，你爱哪一种？|0|0|1346749075|1346749075|4
床上玩转性幽默 爱爱从此无压力|data/床上玩转性幽默 爱爱从此无压力|0|0|1346749075|1346749075|4
性爱不是夫妻吵架的万金油|data/性爱不是夫妻吵架的万金油|0|0|1346749075|1346749075|4
性爱对健康生活的重要作用|data/性爱对健康生活的重要作用|0|0|1346749075|1346749075|4
性行为的40个别称|data/性行为的40个别称|0|0|1346749075|1346749075|4
性需求在男女一生中的变化|data/性需求在男女一生中的变化|0|0|1346749075|1346749075|4
懵懂男女性爱会遇到4种尴尬现象|data/懵懂男女性爱会遇到4种尴尬现象|0|0|1346749075|1346749075|4
我们不该学A片里的那些事|data/我们不该学A片里的那些事|0|0|1346749075|1346749075|4
提醒爱玩iPAD的男性：小心精子被“闷坏”|data/提醒爱玩iPAD的男性：小心精子被“闷坏”|0|0|1346749075|1346749075|4
揭秘两性时间差：晚上8点男人最“没用”|data/揭秘两性时间差：晚上8点男人最“没用”|0|0|1346749075|1346749075|4
春宵时刻 男人应有的十个性礼节|data/春宵时刻 男人应有的十个性礼节|0|0|1346749075|1346749075|4
暴露不等于性感 女性最易惹色狼的六种着装|data/暴露不等于性感 女性最易惹色狼的六种着装|0|0|1346749075|1346749075|4
最含蓄的性暗示：一起喝杯咖啡吧|data/最含蓄的性暗示：一起喝杯咖啡吧|0|0|1346749075|1346749075|4
最想偷情男性 信息及工程人士居首|data/最想偷情男性 信息及工程人士居首|0|0|1346749075|1346749075|4
最理想的性爱频率是每周多少次？|data/最理想的性爱频率是每周多少次？|0|0|1346749075|1346749075|4
每周三次性生活让男人更健康|data/每周三次性生活让男人更健康|0|0|1346749075|1346749075|4
深圳6成女性不满性现状|data/深圳6成女性不满性现状|0|0|1346749075|1346749075|4
激情or传统 床上你属什么“控”？|data/激情or传统 床上你属什么“控”？|0|0|1346749075|1346749075|4
熟女支招：7大资质让小三自愧不如|data/熟女支招：7大资质让小三自愧不如|0|0|1346749075|1346749075|4
熟女私房话：你敢不敢爱上小处男？|data/熟女私房话：你敢不敢爱上小处男？|0|0|1346749075|1346749075|4
爱爱需要适度 检验质量需三指标|data/爱爱需要适度 检验质量需三指标|0|0|1346749075|1346749075|4
现代人必看的性爱书籍|data/现代人必看的性爱书籍|0|0|1346749075|1346749075|4
男人亲热时最爱用的6个烂借口|data/男人亲热时最爱用的6个烂借口|0|0|1346749075|1346749075|4
男人爱爱中途“卡壳”的6大原因|data/男人爱爱中途“卡壳”的6大原因|0|0|1346749075|1346749075|4
男人的性爱高潮只有2.5秒钟|data/男人的性爱高潮只有2.5秒钟|0|0|1346749075|1346749075|4
男人臀型是性能力的代言人|data/男人臀型是性能力的代言人|0|0|1346749075|1346749075|4
男女上床前后经典对白|data/男女上床前后经典对白|0|0|1346749075|1346749075|4
男女之间最爱讨论的十个性爱问题|data/男女之间最爱讨论的十个性爱问题|0|0|1346749075|1346749075|4
男女可能“性失业”的4个时期|data/男女可能“性失业”的4个时期|0|0|1346749075|1346749075|4
男女最“性”急的6个场所|data/男女最“性”急的6个场所|0|0|1346749075|1346749075|4
男女爱爱时的5个“不和谐”|data/男女爱爱时的5个“不和谐”|0|0|1346749075|1346749075|4
男女谁"掌权"？床上主动有"玄机"|data/男女谁"掌权"？床上主动有"玄机"|0|0|1346749075|1346749075|4
男女间那点事 9个调情瞬间最脸红|data/男女间那点事 9个调情瞬间最脸红|0|0|1346749075|1346749075|4
看美女时吃得少|data/看美女时吃得少|0|0|1346749075|1346749075|4
研究称一夜情可发展为伴侣 重点在起床后|data/研究称一夜情可发展为伴侣 重点在起床后|0|0|1346749075|1346749075|4
研究称穿高跟鞋可改善性生活|data/研究称穿高跟鞋可改善性生活|0|0|1346749075|1346749075|4
破解6大爱爱谣言：谁说男人都爱处女？|data/破解6大爱爱谣言：谁说男人都爱处女？|0|0|1346749075|1346749075|4
科学证实女性房事不满足易得病|data/科学证实女性房事不满足易得病|0|0|1346749075|1346749075|4
算算你的性爱能得几分|data/算算你的性爱能得几分|0|0|1346749075|1346749075|4
细数男人最性感的7个时刻|data/细数男人最性感的7个时刻|0|0|1346749075|1346749075|4
羞涩变成性暗示 揭秘套套的5个心理作用|data/羞涩变成性暗示 揭秘套套的5个心理作用|0|0|1346749075|1346749075|4
老外眼中“中国妻子”的5大坏习惯|data/老外眼中“中国妻子”的5大坏习惯|0|0|1346749075|1346749075|4
见面以后多久谈“性”不显尴尬？|data/见面以后多久谈“性”不显尴尬？|0|0|1346749075|1346749075|4
让女人欲罢不能的7种“男人味”|data/让女人欲罢不能的7种“男人味”|0|0|1346749075|1346749075|4
