中国人必知的五个性爱之神|data/中国人必知的五个性爱之神|0|0|1346749073|1346749073|11
中国博物馆展现中国古代性文化|data/中国博物馆展现中国古代性文化|0|0|1346749073|1346749073|11
全球七大“性都”性福指数大PK|data/全球七大“性都”性福指数大PK|0|0|1346749073|1346749073|11
印度的性文化|data/印度的性文化|0|0|1346749073|1346749073|11
历史上最不靠谱性爱风俗|data/历史上最不靠谱性爱风俗|0|0|1346749073|1346749073|11
古人的“房事诱导”|data/古人的“房事诱导”|0|0|1346749073|1346749073|11
古代人如何运用性技巧?|data/古代人如何运用性技巧?|0|0|1346749073|1346749073|11
古代艺妓与色妓们的四种归宿|data/古代艺妓与色妓们的四种归宿|0|0|1346749073|1346749073|11
史上十大“性爱”记录|data/史上十大“性爱”记录|0|0|1346749073|1346749073|11
土耳其人浴室里面选新娘|data/土耳其人浴室里面选新娘|0|0|1346749073|1346749073|11
土耳其的赔妻遮羞陋俗|data/土耳其的赔妻遮羞陋俗|0|0|1346749073|1346749073|11
外国男人都是“性超人”吗？|data/外国男人都是“性超人”吗？|0|0|1346749073|1346749073|11
妓女的起源|data/妓女的起源|0|0|1346749073|1346749073|11
强奸-日本传统性文化|data/强奸-日本传统性文化|0|0|1346749073|1346749073|11
性爱的男女艺术|data/性爱的男女艺术|0|0|1346749073|1346749073|11
日本会阳节 男子街上裸奔|data/日本会阳节 男子街上裸奔|0|0|1346749073|1346749073|11
日本文化中的“性”|data/日本文化中的“性”|0|0|1346749073|1346749073|11
日本色情文化的演变过程|data/日本色情文化的演变过程|0|0|1346749073|1346749073|11
欧洲人接吻大观|data/欧洲人接吻大观|0|0|1346749073|1346749073|11
武则天饱受性之累|data/武则天饱受性之累|0|0|1346749073|1346749073|11
泰国风情与性|data/泰国风情与性|0|0|1346749073|1346749073|11
话说中国古代春宫图大全|data/话说中国古代春宫图大全|0|0|1346749073|1346749073|11
调查显示 全球男女希望每周做爱三次|data/调查显示 全球男女希望每周做爱三次|0|0|1346749073|1346749073|11
趣说床文化|data/趣说床文化|0|0|1346749073|1346749073|11
金瓶梅与明末清初的性革命|data/金瓶梅与明末清初的性革命|0|0|1346749073|1346749073|11
飘零的日本“艺伎”文化|data/飘零的日本“艺伎”文化|0|0|1346749073|1346749073|11
日本文化色情电影和韩国伦理片|data/日本文化色情电影和韩国伦理片|0|0|1347446139|1347446139|11
