5招快速启动她的性欲|data/5招快速启动她的性欲|0|0|1346749071|1346749071|18
8个调情小游戏|data/8个调情小游戏|0|0|1346749071|1346749071|18
五个调情方法把性欲勾起来|data/五个调情方法把性欲勾起来|0|0|1346749071|1346749071|18
善穿内裤 提升夫妻生活情趣|data/善穿内裤 提升夫妻生活情趣|0|0|1346749071|1346749071|18
四妙招 令女人突然想做爱|data/四妙招 令女人突然想做爱|0|0|1346749071|1346749071|18
夫妻必会的3个性游戏|data/夫妻必会的3个性游戏|0|0|1346749071|1346749071|18
女人8个细节最具诱惑：穿红衣 轻触锁骨|data/女人8个细节最具诱惑：穿红衣 轻触锁骨|0|0|1346749071|1346749071|18
女人十大经典风骚动作|data/女人十大经典风骚动作|0|0|1346749071|1346749071|18
女人性欲来时的4个小动作|data/女人性欲来时的4个小动作|0|0|1346749071|1346749071|18
女人挑起男人性欲的性暗示技巧|data/女人挑起男人性欲的性暗示技巧|0|0|1346749071|1346749071|18
挣扎or梦幻 让男人流鼻血的10个脱衣姿势|data/挣扎or梦幻 让男人流鼻血的10个脱衣姿势|0|0|1346749071|1346749071|18
模范夫妻推荐几款性爱游戏|data/模范夫妻推荐几款性爱游戏|0|0|1346749071|1346749071|18
激起欲望的十二招催情法|data/激起欲望的十二招催情法|0|0|1346749071|1346749071|18
男人为之疯狂的8个调情小技巧|data/男人为之疯狂的8个调情小技巧|0|0|1346749071|1346749071|18
男女管用的性暗示调情技巧|data/男女管用的性暗示调情技巧|0|0|1346749071|1346749071|18
看电影学12种调情技巧|data/看电影学12种调情技巧|0|0|1346749071|1346749071|18
给女人脱衣服时的技巧|data/给女人脱衣服时的技巧|0|0|1346749071|1346749071|18
让处女和你上床的10句话|data/让处女和你上床的10句话|0|0|1346749071|1346749071|18
让性生活始终保持激情的床上小游戏|data/让性生活始终保持激情的床上小游戏|0|0|1346749071|1346749071|18
让男人拜倒在石榴裙底下的9个姿势|data/让男人拜倒在石榴裙底下的9个姿势|0|0|1346749071|1346749071|18
调情秘籍：用内裤来勾引他|data/调情秘籍：用内裤来勾引他|0|0|1346749071|1346749071|18
隔靴搔痒 探入式调情|data/隔靴搔痒 探入式调情|0|0|1346749071|1346749071|18
