14种性爱姿势|data/14种性爱姿势|0|0|1346749071|1346749071|22
十二个经典性爱动作教程|data/十二个经典性爱动作教程|0|0|1346749071|1346749071|22
各国经典性爱姿势盘点|data/各国经典性爱姿势盘点|0|0|1346749071|1346749071|22
后入式性交全攻略|data/后入式性交全攻略|0|0|1346749071|1346749071|22
女人口述她最爱最喜欢的姿势|data/女人口述她最爱最喜欢的姿势|0|0|1346749071|1346749071|22
女人最爱的各种性爱姿势大盘点|data/女人最爱的各种性爱姿势大盘点|0|0|1346749071|1346749071|22
简述25种做爱姿势|data/简述25种做爱姿势|0|0|1346749071|1346749071|22
蝴蝶式性爱姿势 直接刺激G点|data/蝴蝶式性爱姿势 直接刺激G点|0|0|1346749071|1346749071|22
讨论一下常见的三种性爱姿势|data/讨论一下常见的三种性爱姿势|0|0|1346749071|1346749071|22
让你飘飘欲仙的性爱真经|data/让你飘飘欲仙的性爱真经|0|0|1346749071|1346749071|22
让女性在传教士体位中获得更多快感的方法|data/让女性在传教士体位中获得更多快感的方法|0|0|1346749071|1346749071|22
适合男性疲倦时的4个性爱姿势|data/适合男性疲倦时的4个性爱姿势|0|0|1346749071|1346749071|22
性爱姿势看我72变(01)|data/性爱姿势看我72变(01)|0|0|1347443296|1347443296|22
性爱姿势看我72变(02)|data/性爱姿势看我72变(02)|0|0|1347443360|1347443360|22
性爱姿势看我72变(03）|data/性爱姿势看我72变(03）|0|0|1347443399|1347443399|22
性爱姿势看我72变(06）|data/性爱姿势看我72变(06）|0|0|1347443430|1347443430|22
性爱姿势看我72变(04）|data/性爱姿势看我72变(04）|0|0|1347443434|1347443434|22
性爱姿势看我72变(05）|data/性爱姿势看我72变(05）|0|0|1347443434|1347443434|22
性爱姿势看我72变(07)|data/性爱姿势看我72变(07)|0|0|1347443440|1347443440|22
性爱姿势看我72变(09)|data/性爱姿势看我72变(09)|0|0|1347443466|1347443466|22
性爱姿势看我72变(10）|data/性爱姿势看我72变(10）|0|0|1347443478|1347443478|22
性爱姿势看我72变(11）|data/性爱姿势看我72变(11）|0|0|1347443491|1347443491|22
性爱姿势看我72变(12）|data/性爱姿势看我72变(12）|0|0|1347443525|1347443525|22
性爱姿势看我72变(08)|data/性爱姿势看我72变(08)|0|0|1347443575|1347443575|22
浴室里的缠绵性爱姿势|data/浴室里的缠绵性爱姿势|0|0|1347443859|1347443859|22
男上位与女上位的新花样|data/男上位与女上位的新花样|0|0|1347444565|1347444565|22
详解五种性爱姿势|data/详解五种性爱姿势|0|0|1347453007|1347453007|22
