10种常见的性交后阴道出血原因|data/10种常见的性交后阴道出血原因|0|0|1346749072|1346749072|13
为何射精后肛门疼痛？|data/为何射精后肛门疼痛？|0|0|1346749072|1346749072|13
为爱侣口交也会带来疾病|data/为爱侣口交也会带来疾病|0|0|1346749072|1346749072|13
亲爱的，行房前请你先洗手|data/亲爱的，行房前请你先洗手|0|0|1346749072|1346749072|13
做爱时射精疼痛的原因|data/做爱时射精疼痛的原因|0|0|1346749072|1346749072|13
做爱时怎么保护阴茎不在激烈的运动中受伤?|data/做爱时怎么保护阴茎不在激烈的运动中受伤?|0|0|1346749072|1346749072|13
利用洗澡增强男人性“力”|data/利用洗澡增强男人性“力”|0|0|1346749072|1346749072|13
喷头冲洗按摩阴茎可增强性功能|data/喷头冲洗按摩阴茎可增强性功能|0|0|1346749072|1346749072|13
夏季适量剃除阴毛可保女性卫生健康|data/夏季适量剃除阴毛可保女性卫生健康|0|0|1346749072|1346749072|13
夫妻性生活过后出现身体酸痛如何处理?|data/夫妻性生活过后出现身体酸痛如何处理?|0|0|1346749072|1346749072|13
夫妻生活后要及时“排空”|data/夫妻生活后要及时“排空”|0|0|1346749072|1346749072|13
女人保健10招推迟衰老的到来|data/女人保健10招推迟衰老的到来|0|0|1346749072|1346749072|13
女人私密地带保湿手册|data/女人私密地带保湿手册|0|0|1346749072|1346749072|13
女人该如何保护自己的乳房|data/女人该如何保护自己的乳房|0|0|1346749072|1346749072|13
女性月经期间应该多吃什么少吃什么?|data/女性月经期间应该多吃什么少吃什么?|0|0|1346749072|1346749072|13
女性该如何保护乳房防止衰老|data/女性该如何保护乳房防止衰老|0|0|1346749072|1346749072|13
妻间甜蜜的性爱过程中容易产生的5大伤害|data/妻间甜蜜的性爱过程中容易产生的5大伤害|0|0|1346749072|1346749072|13
子宫特殊时期请暂停性生活|data/子宫特殊时期请暂停性生活|0|0|1346749072|1346749072|13
常洗鸳鸯浴的三大危害|data/常洗鸳鸯浴的三大危害|0|0|1346749072|1346749072|13
常跷二郎腿会影响男性生殖健康|data/常跷二郎腿会影响男性生殖健康|0|0|1346749072|1346749072|13
性交后下体骚痒一定要重视|data/性交后下体骚痒一定要重视|0|0|1346749072|1346749072|13
性交时抽筋我们如何应对?|data/性交时抽筋我们如何应对?|0|0|1346749072|1346749072|13
性爱中的六大甜蜜伤害怎么办?|data/性爱中的六大甜蜜伤害怎么办?|0|0|1346749072|1346749072|13
性爱前，哪些地方需要洗？|data/性爱前，哪些地方需要洗？|0|0|1346749072|1346749072|13
性爱时出现血精，怎么办?|data/性爱时出现血精，怎么办?|0|0|1346749072|1346749072|13
性生活的同时保护好你的阴道|data/性生活的同时保护好你的阴道|0|0|1346749072|1346749072|13
性生活过后别用湿巾清洁|data/性生活过后别用湿巾清洁|0|0|1346749072|1346749072|13
性生活雷人危险Top8|data/性生活雷人危险Top8|0|0|1346749072|1346749072|13
打哈欠和伸懒腰对性爱有好处|data/打哈欠和伸懒腰对性爱有好处|0|0|1346749072|1346749072|13
打高尔夫能助“性”|data/打高尔夫能助“性”|0|0|1346749072|1346749072|13
新婚夫妇不宜喝可乐|data/新婚夫妇不宜喝可乐|0|0|1346749072|1346749072|13
新婚夫妻性爱预防哪些疾病?|data/新婚夫妻性爱预防哪些疾病?|0|0|1346749072|1346749072|13
最有益健康的七种性爱姿势|data/最有益健康的七种性爱姿势|0|0|1346749072|1346749072|13
有关性病的预防|data/有关性病的预防|0|0|1346749072|1346749072|13
爱爱时女方肚子疼痛的几大原因?|data/爱爱时女方肚子疼痛的几大原因?|0|0|1346749072|1346749072|13
瑜珈几个动作让你性欲大增|data/瑜珈几个动作让你性欲大增|0|0|1346749072|1346749072|13
男人做好保护JJ让它长久雄风的几种好习惯|data/男人做好保护JJ让它长久雄风的几种好习惯|0|0|1346749072|1346749072|13
男人做性保健从睡觉开始做锻炼|data/男人做性保健从睡觉开始做锻炼|0|0|1346749072|1346749072|13
男人该怎么清洗自己私处?|data/男人该怎么清洗自己私处?|0|0|1346749072|1346749072|13
男人踮脚尖小便可益肾强精|data/男人踮脚尖小便可益肾强精|0|0|1346749072|1346749072|13
男性患哪些性器官疾病不宜做爱?|data/男性患哪些性器官疾病不宜做爱?|0|0|1346749072|1346749072|13
白领们是如何糟蹋他们的乳房的?|data/白领们是如何糟蹋他们的乳房的?|0|0|1346749072|1346749072|13
确保无后顾之忧的准备6份性保险|data/确保无后顾之忧的准备6份性保险|0|0|1346749072|1346749072|13
确保无后顾之忧的准备6份性保险(下)|data/确保无后顾之忧的准备6份性保险(下)|0|0|1346749072|1346749072|13
约会时睾丸胀痛别担心|data/约会时睾丸胀痛别担心|0|0|1346749072|1346749072|13
脊柱穴位按摩可以激发性欲|data/脊柱穴位按摩可以激发性欲|0|0|1346749072|1346749072|13
让男女提高性欲的7项运动|data/让男女提高性欲的7项运动|0|0|1346749072|1346749072|13
记住干活前的一环“洗手”|data/记住干活前的一环“洗手”|0|0|1346749072|1346749072|13
趴着睡对性健康危害最大|data/趴着睡对性健康危害最大|0|0|1346749072|1346749072|13
锻炼阴茎的四种方法|data/锻炼阴茎的四种方法|0|0|1346749072|1346749072|13
阴道痉挛让阴茎无法拔出怎么办|data/阴道痉挛让阴茎无法拔出怎么办|0|0|1346749072|1346749072|13
