不同类型乳房的爱抚技巧|data/不同类型乳房的爱抚技巧|0|0|1346749071|1346749071|20
卧室里的“SM”性运动|data/卧室里的“SM”性运动|0|0|1346749071|1346749071|20
后庭刺激对女性意味着什么?|data/后庭刺激对女性意味着什么?|0|0|1346749071|1346749071|20
多点刺激法让你的女人射精|data/多点刺激法让你的女人射精|0|0|1346749071|1346749071|20
女人该如何爱抚男人的阴茎?|data/女人该如何爱抚男人的阴茎?|0|0|1346749071|1346749071|20
女性各性感带爱抚技巧|data/女性各性感带爱抚技巧|0|0|1346749071|1346749071|20
女生用手让男人小弟弟喷射的基本步骤|data/女生用手让男人小弟弟喷射的基本步骤|0|0|1346749071|1346749071|20
性生活夫妻爱按摩顺序技巧|data/性生活夫妻爱按摩顺序技巧|0|0|1346749071|1346749071|20
手脚并用的爱抚|data/手脚并用的爱抚|0|0|1346749071|1346749071|20
步步为营让她饥渴难耐的前戏大法|data/步步为营让她饥渴难耐的前戏大法|0|0|1346749071|1346749071|20
激情性爱时必要的乳房爱抚技巧|data/激情性爱时必要的乳房爱抚技巧|0|0|1346749071|1346749071|20
爱抚女人阴蒂的技巧|data/爱抚女人阴蒂的技巧|0|0|1346749071|1346749071|20
爱抚她的乳房的性爱技巧|data/爱抚她的乳房的性爱技巧|0|0|1346749071|1346749071|20
爱抚男人阴茎的11招|data/爱抚男人阴茎的11招|0|0|1346749071|1346749071|20
用舌头吻遍男人的这些易燃点|data/用舌头吻遍男人的这些易燃点|0|0|1346749071|1346749071|20
给她温柔的爱就要懂得去爱抚她的阴毛|data/给她温柔的爱就要懂得去爱抚她的阴毛|0|0|1346749071|1346749071|20
销魂的床上爱抚技巧|data/销魂的床上爱抚技巧|0|0|1346749071|1346749071|20
阴茎插入之前的爱抚动作|data/阴茎插入之前的爱抚动作|0|0|1346749071|1346749071|20
阴茎说：这样的手技我最爱|data/阴茎说：这样的手技我最爱|0|0|1346749071|1346749071|20
